#CHROM	POS	ID	REF	ALT	row_num
22	38299209	.	C	G	661961
22	41066100	.	C	A	742855
22	41156819	.	A	C	745349
22	47505903	.	G	T	959475
22	37537610	.	C	T	637070
22	34751098	.	A	C	546099
22	47772066	.	T	C	970295
22	18436986	.	G	A	61768
22	38288765	.	C	T	661678
22	20964712	.	C	A	129073
22	47393491	.	T	C	955073
22	24246077	.	T	C	232681
22	17351558	.	A	T	25467
22	46699941	.	A	G	928015
22	41195665	.	G	A	746345
22	46648209	.	G	A	926319
22	45255324	.	T	C	877773
22	36744225	.	A	T	610786
22	50139791	.	T	C	1065516
22	44187353	.	C	T	839200
22	33240163	.	G	A	498530
22	48256067	.	T	C	988361
22	41463075	.	G	A	753447
22	21182741	.	C	T	136549
22	45994484	.	G	A	904162
22	23621394	.	G	T	209698
22	50630662	.	C	T	1081622
22	43744948	.	A	C	825506
22	42029056	.	G	T	769807
22	28571432	.	T	C	367635
22	18950436	.	C	T	74127
22	35494555	.	C	T	572192
22	36125543	.	TGTG	T	592226
22	42949839	.	C	A	797699
22	33654024	.	T	A	510424
22	44204777	.	GCAAA	G	839693
22	49866072	.	T	C	1054737
22	36473759	.	G	A	601308
22	31904740	.	G	C	458862
22	40423094	.	A	G	726130
22	47513604	.	C	G	959781
22	26628533	.	C	T	306924
22	16610002	.	C	T	8874
22	42543734	.	G	C	784586
22	18974885	.	T	C	74964
22	21233370	.	C	T	138119
22	27373463	.	A	G	330808
22	26243491	.	C	T	295197
22	49038258	.	C	T	1018535
22	47157933	.	C	T	946439
22	23803055	.	C	G	216570
22	40304760	.	A	G	722918
22	43480532	.	G	C	815869
22	38749117	.	TTTG	T	675764
22	45231829	.	C	T	876574
22	23999547	.	G	A	224224
22	19578871	.	C	T	93603
22	40880805	.	G	A	738182
22	35813865	.	A	C	582051
22	50686987	.	G	A	1084090
22	31621973	.	C	T	451298
22	43677962	.	C	T	823225
22	43221581	.	T	G	807489
22	19749676	.	T	C	99451
22	48558157	.	A	G	999157
22	50591668	.	G	A	1080296
22	41657780	.	A	T	759395
22	31859190	.	T	C	457484
22	47094553	.	C	T	943980
22	45170591	.	C	T	873969
22	17641539	.	GA	G	34106
22	18647069	.	G	A	69048
22	49956905	.	G	A	1058198
22	39603475	.	A	C	701696
22	22860299	.	T	C	181151
22	43885242	.	C	T	830171
22	33166091	.	G	A	496326
22	35303129	.	C	A	565964
22	41568014	.	A	G	756631
22	20120433	.	C	T	111863
22	46434633	.	G	C	918979
22	18044072	.	T	G	48075
22	46462096	.	T	C	919851
22	33765614	.	G	A	514147
22	49223556	.	C	T	1026442
22	22927041	.	G	C	183493
22	46633918	.	G	A	925877
22	36516256	.	G	A	602653
22	51005916	.	G	A	1096185
22	28971343	.	G	A	377256
22	40020162	.	T	C	715243
22	23917684	.	C	T	221124
22	38426043	.	A	G	665333
22	35029956	.	G	A	556657
22	23520431	.	G	A	206099
22	28588430	.	T	A	368059
22	33761056	.	T	C	513995
22	31713972	.	C	T	453684
22	33800001	.	G	A	515323
22	42628019	.	CA	C	787335
22	48630258	.	C	G	1001953
22	50025977	.	C	T	1061025
22	33720068	.	A	G	512626
22	49072838	.	C	A	1020143
22	47741191	.	G	A	968783
22	43067567	.	G	A	802284
22	50586465	.	C	T	1080100
22	47861249	.	C	G	973866
22	48428880	.	G	A	994298
22	43811077	.	A	G	827626
22	40840504	.	A	G	737136
22	40076828	.	A	G	717111
22	22826781	.	C	T	180253
22	46136298	.	C	T	908495
22	20185672	.	T	A	114123
22	28600988	.	T	C	368350
22	50537747	.	G	A	1078217
22	21195101	.	T	C	136956
22	20157879	.	T	C	113095
22	46760194	.	G	A	930318
22	24093634	.	G	A	227417
22	25680299	.	C	T	275967
22	42342497	.	C	A	778620
22	27554017	.	A	T	337184
22	36206768	.	T	C	594225
22	38270353	.	A	G	661179
22	24910159	.	C	A	251641
22	46909809	.	C	CG	936788
22	28374724	.	A	G	362602
22	43725939	.	C	T	824917
22	31149241	.	G	T	438449
22	36544842	.	G	A	603524
22	50163632	.	G	C	1066455
22	28177935	.	G	A	358352
22	41636372	.	G	T	758659
22	49225320	.	G	A	1026509
22	25312537	.	C	T	265147
22	37487650	.	C	T	635307
22	44295424	.	A	G	842619
22	40291408	.	T	G	722599
22	27911102	.	G	T	349633
22	41685485	.	G	C	760171
22	42349814	.	G	A	778826
22	33798756	.	G	A	515282
22	32090424	.	A	G	464247
22	49487334	.	C	A	1038239
22	49535901	.	G	A	1040301
22	21941394	.	C	G	150086
22	30706653	.	G	C	424916
22	21369184	.	G	T	142643
22	27044751	.	G	A	320159
22	41114302	.	A	C	744207
22	17295561	.	T	C	23634
22	44614921	.	C	T	853688
22	32714305	.	T	C	482529
22	37630583	.	G	A	640308
22	45689475	.	A	G	894392
22	40936479	.	T	A	739552
22	30201292	.	T	C	411318
22	37319938	.	T	G	629702
22	31727330	.	C	CT	453991
22	26178194	.	C	T	292863
22	37514193	.	G	A	636268
22	32887806	.	T	G	488638
22	38270568	.	C	T	661187
22	43861480	.	G	A	829357
22	36697537	.	A	G	609165
22	24153831	.	A	G	229453
22	45346346	.	G	A	881922
22	29568868	.	G	T	393106
22	27824788	.	C	T	346582
22	21225585	.	A	G	137886
22	29753677	.	G	GT	398635
22	39495801	.	C	T	698303
22	32907556	.	C	G	489378
22	44263578	.	A	G	841517
22	46101049	.	G	C	907506
22	37250565	.	C	A	627301
22	25711482	.	G	A	277214
22	47589553	.	C	T	963062
22	38521647	.	C	G	668498
22	19297760	.	C	T	85490
22	22605299	.	C	G	172354
22	19773358	.	C	CCT	100301
22	41870099	.	A	T	765468
22	39236061	.	G	T	689528
22	44664696	.	C	T	855551
22	48756321	.	A	G	1007177
22	31917643	.	A	G	459225
22	31061740	.	G	C	435993
22	25813451	.	G	A	281575
22	47288688	.	G	A,C	951073
22	19134083	.	C	T	80302
22	45203087	.	G	A	875339
22	37678378	.	A	G	641854
22	42559077	.	G	A	785223
22	26500964	.	T	C	303184
22	48359058	.	A	T	991950
22	34668764	.	A	G	543266
22	44888105	.	C	T	863643
22	41015679	.	G	A	741522
22	41589711	.	G	A	757262
22	35428451	.	A	G	570143
22	17121593	.	C	T	20328
22	46029689	.	A	G	905413
22	29878010	.	T	C	402278
22	40527065	.	G	A	728934
22	49547474	.	C	A	1040838
22	31939900	.	T	C	459839
22	26969424	.	G	T	317875
22	35880776	.	T	C	584280
22	25576827	.	A	T	272142
22	34372929	.	C	T	534171
22	47308045	.	G	A	951912
22	48938002	.	G	A	1014353
22	45223626	.	G	A	876236
22	51113234	.	G	C	1099617
22	47422954	.	G	T	956136
22	32580444	.	T	C	478030
22	48435537	.	T	C	994478
22	31281897	.	C	T	442128
22	39122905	.	G	T	686103
22	50929823	.	G	T	1093240
22	33886943	.	T	C	518081
22	17013462	.	C	A	16903
22	42487027	.	C	T	782588
22	49224396	.	G	A	1026484
22	31812022	.	A	G	456069
22	48053368	.	C	G	980752
22	45786358	.	C	A,T	897180
22	25741686	.	G	T	278596
22	23280593	.	G	A	198896
22	17028398	.	A	G	17374
22	49302906	.	C	G	1029701
22	19874955	.	C	T	103587
22	39662011	.	T	C	703695
22	28948622	.	C	T	376752
22	22749628	.	G	C	177484
22	21993544	.	A	C	151684
22	23144719	.	T	C	192085
22	50890591	.	A	C	1091415
22	41537412	.	C	T	755660
22	17059283	.	T	C	18219
22	37407813	.	G	A	632772
22	38607795	.	G	C	671217
22	19638105	.	A	G	95687
22	36711775	.	A	G	609680
22	20158083	.	C	T	113107
22	51146139	.	A	G	1100703
22	29057236	.	T	G	379238
22	20735450	.	T	C	121652
22	44330191	.	T	C	843864
22	27010302	.	C	G	319132
22	42304697	.	G	A	777554
22	25737992	.	T	C	278454
22	38319232	.	C	T	662527
22	30141100	.	C	T	409660
22	46254875	.	C	T	912040
22	29075519	.	A	T	379581
22	42078457	.	G	T	771186
22	33666470	.	G	A	510834
22	28824176	.	G	A	373748
22	49039001	.	C	T	1018575
22	29608714	.	G	A	394221
22	39152817	.	G	A	687037
22	25918689	.	C	G	285122
22	22354521	.	G	A	163069
22	38513307	.	G	A	668186
22	50601063	.	T	C	1080616
22	20721880	.	T	C	121287
22	40451879	.	T	A	726975
22	32182559	.	C	T	466884
22	36539780	.	T	C	603351
22	37120949	.	C	T	622990
22	39607159	.	A	G	701837
22	39248458	.	C	T	689879
22	32468425	.	A	G	474660
22	35832903	.	AT	A	582667
22	38229351	.	G	A	659982
22	43509142	.	A	G	816878
22	27514314	.	C	T	335801
22	21392253	.	A	G	143445
22	34576139	.	G	C	540360
22	42581333	.	G	A	785964
22	16632091	.	C	T	9477
22	25498219	.	T	G	269699
22	30718883	.	CT	C	425209
22	38416838	.	T	C	665083
22	30831586	.	G	T	428332
22	48707459	.	G	A	1004981
22	27268351	.	T	C	327107
22	36413907	.	T	C	599529
22	26973521	.	A	C	318003
22	36983836	.	C	T	618818
22	38086269	.	G	A	655276
22	34657323	.	A	G	542887
22	45443995	.	T	C	885552
22	19119549	.	T	C	79786
22	44547671	.	G	A	851347
22	29499029	.	G	A	391001
22	36902746	.	G	C	615978
22	45290428	.	G	A	879711
22	27484737	.	C	T	334691
22	38705591	.	C	T	674365
22	17036577	.	A	C	17705
22	34196626	.	C	T	528599
22	18507575	.	T	G	64343
22	20000899	.	G	T	108054
22	36489356	.	C	T	601802
22	31067628	.	G	A	436159
22	23985139	.	T	G	223709
22	16607525	.	G	A	8830
22	36438793	.	T	C	600231
22	34270477	.	A	G	531105
22	30351948	.	C	A	415679
22	37426957	.	C	T	633320
22	19705385	.	G	T	97960
22	16365430	.	C	T	3977
22	40884652	.	G	A	738280
22	22170273	.	C	G	157531
22	35813525	.	AT	A	582036
22	48409280	.	G	A	993683
22	16058492	.	G	A	322
22	24757779	.	C	A	247070
22	50787834	.	G	T	1087718
22	31074366	.	A	T	436356
22	24356292	.	T	C	235494
22	26526171	.	A	T	303976
22	48206157	.	G	A	986357
22	42594354	.	T	A	786336
22	28646260	.	T	C	369474
22	42041494	.	C	T	770139
22	32891176	.	G	T	488740
22	45864003	.	G	A	899674
22	27225299	.	G	A	325645
22	25703312	.	C	T	276900
22	37842652	.	G	C	647464
22	20755132	.	C	T	122239
22	35099202	.	C	T	559090
22	40565635	.	C	T	729979
22	19872893	.	G	C	103514
22	48657294	.	C	T	1003086
22	24916766	.	C	A	251859
22	49794052	.	A	G	1051875
22	50819164	.	A	G	1088754
22	45964426	.	T	C	903071
22	19636566	.	A	G	95635
22	42924478	.	T	G	796726
22	41137922	.	C	G	744899
22	27194680	.	C	T	324724
22	23859286	.	AAAACC	A	218764
22	25730013	.	T	G	278126
22	19792714	.	C	T	100926
22	24906581	.	G	T	251521
22	51061827	.	C	T	1098020
22	30081164	.	T	C	407890
22	30408794	.	T	C	417268
22	46375503	.	G	A	916978
22	32751455	.	G	A	484066
22	34156262	.	A	T	527199
22	46953979	.	C	T	938575
22	20640291	.	C	T	120142
22	37382523	.	T	C	631942
22	45473974	.	A	T	886710
22	38008591	.	A	G	652780
22	20313039	.	G	A	118418
22	32812791	.	A	G	486228
22	40987951	.	A	G	740862
22	46040523	.	C	G	905763
22	45192564	.	G	A	874926
22	26249849	.	T	C	295373
22	38505349	.	C	T	667908
22	20841494	.	A	G	124877
22	23295786	.	C	A	199497
22	34192837	.	C	T	528475
22	46848819	.	T	G	934336
22	42009572	.	G	C	769240
22	38091403	.	A	G	655474
22	42405256	.	C	T	780399
22	28658009	.	G	T	369733
22	34369961	.	C	A	534102
22	25550279	.	C	G	271355
22	50849637	.	C	G	1089722
22	48991287	.	C	T	1016508
22	49227737	.	C	T	1026593
22	42359320	.	C	T	779066
22	34940942	.	T	G	553336
22	23772719	.	A	G	215347
22	40745655	.	C	T	734527
22	33694590	.	C	G	511736
22	44858687	.	G	A	862778
22	49498840	.	G	A	1038785
22	29853622	.	C	T	401566
22	16546486	.	A	C	7190
22	28688754	.	T	G	370434
22	28962087	.	AC	A	377074
22	49032846	.	G	A	1018291
22	35874877	.	G	T	584072
22	43128076	.	G	A	804338
22	36498636	.	A	T	602088
22	36041529	.	C	T	589490
22	30345500	.	A	C	415461
22	35259405	.	T	C	564670
22	28968561	.	A	T	377196
22	16894354	.	C	T	13394
22	44953602	.	A	G	866020
22	32926653	.	G	T	490001
22	25837785	.	C	T	282440
22	42312828	.	C	T	777751
22	28677337	.	A	C	370186
22	44773100	.	A	C	859604
22	39451774	.	G	A	696750
22	31210843	.	A	T	440122
22	50763372	.	T	G	1086978
22	19946370	.	G	A	106122
22	49345301	.	C	T	1031940
22	29981010	.	C	A	405231
22	18877610	.	C	T	71452
22	45471751	.	G	T	886632
22	26699624	.	T	A	309280
22	18636944	.	C	T	68655
22	46874516	.	T	C	935453
22	17018372	.	A	G	17027
22	45444228	.	C	G	885558
22	24621644	.	C	T	242690
22	39315768	.	G	A	691872
22	30111930	.	C	T	408765
22	41963632	.	G	A	767989
22	22975144	.	C	T	184982
22	49429554	.	C	T	1035848
22	46593178	.	C	G	924557
22	34918481	.	T	C	552522
22	18160509	.	G	A	51996
22	30611657	.	A	G	422265
22	43836020	.	G	T	828521
22	28359455	.	G	A	362216
22	50667836	.	G	C	1083330
22	25678577	.	C	T	275885
22	34019024	.	C	T	522602
22	33378984	.	G	A	502557
22	49776678	.	C	A	1051162
22	17881905	.	C	T	42220
22	40907108	.	G	C	738831
22	49529449	.	T	C	1040041
22	19438591	.	T	C	89315
22	24113325	.	T	C	228087
22	43974366	.	T	C	833036
22	29675936	.	T	A	396347
22	17112151	.	G	A	20011
22	34434788	.	G	A	536086
22	23230370	.	A	G	195704
22	26883701	.	A	G	315185
22	22125556	.	T	C	156011
22	24755025	.	G	T	246966
22	45545910	.	A	G	889008
22	25907064	.	C	T	284664
22	33455906	.	G	A	504753
22	49421889	.	C	T	1035510
22	23356151	.	C	T	201170
22	20495705	.	A	G	119807
22	22537489	.	T	C	169674
22	34057169	.	G	A	523889
22	23109877	.	G	A	190817
22	27184782	.	C	T	324375
22	50630786	.	C	T	1081628
22	24087458	.	T	C	227248
22	44987280	.	C	T	867201
22	30307308	.	C	T	414287
22	18184617	.	G	T	52736
22	25260477	.	C	A	263300
22	23077308	.	G	C	189456
22	31472322	.	C	T	447164
22	50245344	.	C	G	1069299
22	49087528	.	G	T	1020782
22	50572822	.	A	T	1079584
22	50435222	.	G	A	1074578
22	22614871	.	A	G	172673
22	43909311	.	G	T	830963
22	41256849	.	C	T	748134
22	23011130	.	G	C	186260
22	48557104	.	G	T	999105
22	39712314	.	T	C	705509
22	43364767	.	G	A	812034
22	50755834	.	C	T	1086742
22	45021239	.	A	T	868510
22	19712743	.	G	T	98168
22	30961221	.	G	A	432244
22	37516789	.	G	T	636350
22	19767467	.	C	T	100125
22	18371161	.	A	C	59495
22	49291073	.	C	T	1029143
22	22404268	.	A	G	164905
22	23994168	.	G	T	224011
22	48877141	.	C	T	1012075
22	49275346	.	T	G	1028469
22	32781260	.	C	G	485101
22	19990281	.	C	T	107726
22	29006612	.	C	T	378003
22	20789473	.	A	C	123363
22	24096364	.	C	T	227537
